"PSA_1","PSA_2","Article","Web Description","Brand","Type","Colour","Power","Pack Qty","Age","Washable","Size","Material","Assembly","DQ Score"
"TOY","ACT","408666","Marvel Avengers Titan Hero Series 12in FigureAssortment","Avengers","Collectables","Multi",NA,"1","3 Years +",NA,NA,NA,NA,0.941666666666667
"TOY","ACT","439971","Marvel Avengers Assemble Creepeez Assorted","Avengers","Action Figures","Multi",NA,"1","3 Years +",NA,NA,NA,NA,0.941666666666667
"TOY","ACT","447533","Avengers Snap Band Assortment","Avengers","Action Figures","Multi",NA,"1","3 Years +",NA,NA,NA,NA,0.941666666666667
"TOY","ACT","450241","Avengers Mashems","Avengers","Collectables","Multi",NA,"1","3 Years +",NA,NA,NA,NA,0.941666666666667
"TOY","ACT","440510","Spiderman/Batman Mashems Assortment","Batman","Collectables","Multi",NA,"1","3 Years +",NA,NA,NA,NA,0.941666666666667
"TOY","ACT","263898","Disney Cars Die Cast Cars 1:55 Scale Assortment","Cars","Cars and Playsets","Multi",NA,"1","3 Years +",NA,NA,NA,NA,0.941666666666667
"TOY","ACT","448316","Disney Cars Oversized Diecast Assortment","Cars","Cars and Playsets","Multi",NA,"1","3 Years +",NA,NA,NA,NA,0.941666666666667
"TOY","ACT","449111","Disney Cars 3 Plush Keyring","Cars","Key Ring","Multi",NA,"1","12 Months +",NA,NA,NA,NA,0.9
"TOY","ACT","448256","Grossery Gang 10pk Assortment","Grossery Gang","Collectables","Multi",NA,"1","5 Years +",NA,NA,NA,NA,0.891666666666667
"TOY","ACT","448257","Grossery Gang Surprise Blind Bag","Grossery Gang","Collectables","Multi",NA,"1","5 Years +",NA,NA,NA,NA,0.891666666666667
"TOY","ACT","448258","Grossery Gang Assortment 5pk","Grossery Gang","Collectables","Multi",NA,"1","5 Years +",NA,NA,NA,NA,0.891666666666667
"TOY","ACT","191086","Hot Wheels Basic Car Assortment","Hot Wheels","Cars and Playsets","Multi",NA,"1","3 Years +",NA,NA,NA,NA,0.941666666666667
"TOY","ACT","191089","Hot Wheels Die Cast Cars 1:64 Scale 5pk Assortment","Hot Wheels","Cars and Playsets","Multi",NA,"1","3 Years +",NA,NA,NA,NA,0.941666666666667
"TOY","ACT","335905","Hot Wheels Car Case","Hot Wheels","Cars and Playsets","Multi",NA,"1","5 Years +",NA,NA,NA,NA,0.941666666666667
"TOY","ACT","428775","Hot Wheels Batman V Superman Assortment","Hot Wheels","Cars and Playsets","Multi",NA,"1","3 Years +",NA,NA,NA,NA,0.941666666666667
"TOY","ACT","448239","Minecraft Action Figure Assortment","Minecraft","Action Figures","Multi",NA,"1","6 Years +",NA,NA,NA,NA,0.941666666666667
"TOY","ACT","315170","Nerf N Strike Jolt Ex-1","Nerf","Blasters and Launchers","Multi",NA,"1","3 Years +",NA,NA,NA,NA,0.941666666666667
"TOY","ACT","330551","Nerf N Strike Strongarm Blaster","Nerf","Blasters and Launchers","Multi",NA,"1","8 Years +",NA,NA,NA,NA,0.941666666666667
"TOY","ACT","427422","Pokemon Trading Card Game 60pcs","Pokemon","Card Games","Multi",NA,"1","6 Years +",NA,NA,NA,NA,0.941666666666667
"TOY","ACT","427423","Pokemon Trading Card Booster Pack 30pcs","Pokemon","Card Games","Multi",NA,"1","6 Years +",NA,NA,NA,NA,0.941666666666667
"TOY","ACT","448159","Pokemon Collectors Tin","Pokemon","Card Games","Multi",NA,"1","6 Years +",NA,NA,NA,NA,0.941666666666667
"TOY","ACT","448242","Qixels Theme Pack Assortment","Qixels","Qixels","Multi",NA,"1","3 Years +",NA,NA,NA,NA,0.941666666666667
"TOY","ACT","448247","Qixels Design Creator","Qixels","Qixels","Multi",NA,"1","3 Years +",NA,NA,NA,NA,0.891666666666667
"TOY","ACT","428060","Scooby Doo Figure In Goo Assortment","Scooby Doo","Collectables","Multi",NA,"1","3 Years +",NA,NA,NA,NA,0.941666666666667
"TOY","ACT","428062","Scooby Doo Super Soft Plush","Scooby Doo","Soft Toys","Multi",NA,"1","From Birth",NA,NA,NA,NA,0.9
"TOY","ACT","448340","Scooby Doo Vehicle and Figure Assortment","Scooby Doo","Figure Playsets","Multi",NA,"1","3 Years +",NA,NA,NA,NA,0.941666666666667
"TOY","ACT","421593","Star Wars Hero Series Figure Assorted","Star Wars","Action Figures","Multi",NA,"1","3 Years +",NA,NA,NA,NA,0.941666666666667
"TOY","ACT","439981","Starwars Bouncy Ball","Star Wars","Play Balls","Multi",NA,"1","3 Years +",NA,NA,NA,NA,0.891666666666667
"TOY","ACT","448182","Hot Wheel Star Wars Diecast Starship 2pk","Star Wars","Planes and Playsets","Multi",NA,"2","3 Years +",NA,NA,NA,NA,0.941666666666667
"TOY","ACT","448487","Star Wars Keychain Assortment","Star Wars","Action Figures","Multi",NA,"1","12 Months +",NA,NA,NA,NA,0.941666666666667
"TOY","ACT","449899","Hot Wheels Star Wars Die Cast 2pk","Star Wars","Cars and Playsets","Multi",NA,"2","3 Years +",NA,NA,NA,NA,0.941666666666667
"TOY","ACT","332872","Turtles Mix and Match Action Figures Assortment","Teenage Mutant Ninja Turtles","Action Figures","Multi",NA,"1","3 Years +",NA,NA,NA,NA,0.891666666666667
"TOY","ACT","428326","Turtles Half-Shell Heroes Figure 2pk Assortment","Teenage Mutant Ninja Turtles","Action Figures","Multi",NA,"2","3 Years +",NA,NA,NA,NA,0.891666666666667
"TOY","ACT","419732","Transformers Robots in Disguise Figures Assortment","Transformers","Action Figures","Multi",NA,"1","5 Years +",NA,NA,NA,NA,0.941666666666667
"TOY","ACT","438827","Transformers Rescue Bots Assorted","Transformers","Action Figures","Multi",NA,"1","3 Years +",NA,NA,NA,NA,0.941666666666667
"TOY","ACT","279774","Wilko Play Roadsters City Bus Assortment","Wilko","Trucks and Jeeps","Multi",NA,"1","3 Years +",NA,NA,NA,NA,0.941666666666667
"TOY","ACT","283861","Wilko Play Roadsters Die Cast Car Assortment","Wilko","Cars and Playsets","Multi",NA,"1","3 Years +",NA,NA,NA,NA,0.941666666666667
"TOY","ACT","289528","Wilko Play Roadsters City Service Fleet","Wilko","Cars and Playsets","Multi",NA,"1","3 Years +",NA,NA,NA,NA,0.941666666666667
"TOY","ACT","305657","Wilko Play Roadsters Heavy Hauler TransporterAssortment","Wilko","Cars and Playsets","Multi",NA,"1","3 Years +",NA,NA,NA,NA,0.941666666666667
"TOY","ACT","305662","Wilko Play Roadsters Heavy Haulers Locomotive","Wilko","Trains and Playsets","Multi",NA,"1","3 Years +",NA,NA,NA,NA,0.941666666666667
"TOY","ACT","305666","Wilko Play Roadsters Road Tripper","Wilko","Cars and Playsets","Multi",NA,"1","3 Years +",NA,NA,NA,NA,0.941666666666667
"TOY","ACT","329467","Wilko Play Roadsters Classic Bus Assortment","Wilko","Cars and Playsets","Multi",NA,"1","3 Years +",NA,NA,NA,NA,0.941666666666667
"TOY","ACT","329468","Wilko Play Roadsters Emergency Heli TransportAssortment","Wilko","Planes and Playsets","Multi",NA,"1","3 Years +",NA,NA,NA,NA,0.941666666666667
"TOY","ACT","335894","Wilko Play Roadsters Ice Cream Van","Wilko","Trucks and Jeeps","Multi",NA,"1","3 Years +",NA,NA,NA,NA,0.941666666666667
"TOY","ACT","336368","Wilko Heroes Flying Fortress Battle Zone","Wilko","Figure Playsets","Multi",NA,"1","3 Years +",NA,NA,NA,NA,0.941666666666667
"TOY","ACT","350209","Wilko Play Roadsters Die Cast Cars 5pk Assortment","Wilko","Cars and Playsets","Multi",NA,"5","3 Years +",NA,NA,NA,NA,0.941666666666667
"TOY","ACT","350211","Wilko Play Roadsters City Transport Assortment","Wilko","Cars and Playsets","Multi",NA,"1","3 Years +",NA,NA,NA,NA,0.941666666666667
"TOY","ACT","350213","Wilko Heroes Commando Figures Assorted","Wilko","Action Figure Playsets","Multi",NA,"1","3 Years +",NA,NA,NA,NA,0.941666666666667
"TOY","ACT","350214","Wilko Heroes Stealth Vehicle Jet","Wilko","Planes and Playsets","Multi",NA,"1","3 Years +",NA,NA,NA,NA,0.941666666666667
"TOY","ACT","350218","Wilko Heroes Over Under Dart Gun with 8 Foam Darts","Wilko","Blasters and Launchers","Multi",NA,"1","6 Years +",NA,NA,NA,NA,0.941666666666667
"TOY","ACT","350894","Wilko Heroes Recon Force Fig and Vehicle","Wilko","Action Figure Playsets","Multi",NA,"1","3 Years +",NA,NA,NA,NA,0.941666666666667
"TOY","ACT","417999","Wilko Play Roadsters Roadside Rescue Assortment","Wilko","Trucks and Jeeps","Multi",NA,"1","3 Years +",NA,NA,NA,NA,0.941666666666667
"TOY","ACT","419484","Wilko Play Roadsters Mini City Vehicles 5pk","Wilko","Cars and Playsets","Multi",NA,"1","3 Years +",NA,NA,NA,NA,0.941666666666667
"TOY","ACT","438471","Wilko Roadsters Diecast Train Assortment","Wilko","Trains and Playsets","Multi",NA,"1","3 Years +",NA,NA,NA,NA,0.941666666666667
"TOY","ACT","438472","Wilko Diecast Roadsters Construction TrucksAssorted","Wilko","Trucks and Jeeps","Multi",NA,"1","3 Years +",NA,NA,NA,NA,0.941666666666667
"TOY","ACT","438473","Wilko Roadsters Diecast Helicopter Assortment","Wilko","Planes and Playsets","Multi",NA,"1","3 Years +",NA,NA,NA,NA,0.941666666666667
"TOY","ACT","438475","Wilko Roadsters Tractor and Trailer Assortment","Wilko","Trucks and Jeeps","Multi",NA,"1","3 Years +",NA,NA,NA,NA,0.941666666666667
"TOY","ACT","438476","Wilko Roadsters Diecast Cars 51pcs","Wilko","Cars and Playsets","Multi",NA,"51","3 Years +",NA,NA,NA,NA,0.941666666666667
"TOY","ACT","438701","Wilko Roadsters Large Truck","Wilko","Trucks and Jeeps","Multi",NA,"1","3 Years +",NA,NA,NA,NA,0.941666666666667
"TOY","ACT","456507","Wilko Steam Train and Track Playset","Wilko","Trains and Playsets","Multi",NA,"1","3 Years +",NA,NA,NA,NA,0.941666666666667
"TOY","ACT","456514","Wilko Roadsters Diecast Cars Asst 4 inch","Wilko","Cars and Playsets","Multi",NA,"4","3 Years +",NA,NA,NA,NA,0.941666666666667
"TOY","ACT","456515","Wilko Roadsters Diecast 4x4 and Horsebox Trailer","Wilko","Cars and Playsets","Multi",NA,"1","3 Years +",NA,NA,NA,NA,0.941666666666667
"TOY","ACT","456516","Wilko Roadsters Diecast City Rescue VehicleAssorted","Wilko","Cars and Playsets","Multi",NA,"1","3 Years +",NA,NA,NA,NA,0.941666666666667
"TOY","ACT","456517","Wilko Roadsters Diecast City Services VehicleAssorted","Wilko","Cars and Playsets","Multi",NA,"1","3 Years +",NA,NA,NA,NA,0.941666666666667
"TOY","ACT","456519","Wilko Roadsters Truck Carry Case","Wilko","Trucks and Jeeps","Multi",NA,"1","3 Years +",NA,NA,NA,NA,0.941666666666667
"TOY","ACT","456520","Wilko Roadsters Playmat and Car Assorted","Wilko","Cars and Playsets","Multi",NA,"1","3 Years +",NA,NA,NA,NA,0.941666666666667
"TOY","ACT","456521","Wilko Roadsters Packaway Garage","Wilko","Cars and Playsets","Multi",NA,"1","3 Years +",NA,NA,NA,NA,0.941666666666667
"TOY","ACT","456522","Wilko Roadsters Barrel Bash Track Set","Wilko","Cars and Playsets","Multi",NA,"1","3 Years +",NA,NA,NA,NA,0.941666666666667
"TOY","ACT","456523","Wilko Roadsters City Rescue Vehicle","Wilko","Cars and Playsets","Multi",NA,"1","3 Years +",NA,NA,NA,NA,0.941666666666667
"TOY","ACT","456524","Wilko Roadsters Radio Controlled Turbo ChargedRacer","Wilko","Cars and Playsets","Multi",NA,"1","6 Years +",NA,NA,NA,NA,0.941666666666667
"TOY","ACT","456526","Wilko Heroes Foam Dart Refill Pack","Wilko","Blasters and Launchers","Multi",NA,"12","6 Years +",NA,NA,NA,NA,0.941666666666667
"TOY","ACT","456527","Wilko Heroes Huntsman Ambush Rifle","Wilko","Blasters and Launchers","Multi",NA,"1","6 Years +",NA,NA,NA,NA,0.941666666666667
"TOY","ACT","456528","Wilko Heroes Huntsman Boomstick Scout","Wilko","Blasters and Launchers","Multi",NA,"1","6 Years +",NA,NA,NA,NA,0.941666666666667
"TOY","ACT","456530","Wilko Heroes Corps Recoil Tank","Wilko","Trucks and Jeeps","Multi",NA,"1","3 Years +",NA,NA,NA,NA,0.941666666666667
"TOY","ACT","456582","Wilko Roadsters Express Wheels Air Power","Wilko","Cars and Playsets","Multi",NA,"1","3 Years +",NA,NA,NA,NA,0.941666666666667
"TOY","ACT","456584","Wilko Roadsters Monster Truck 3pk","Wilko","Trucks and Jeeps","Multi",NA,"3","3 Years +",NA,NA,NA,NA,0.941666666666667
"TOY","ACT","456601","Wilko Roadsters Road Ripper Mini Rescue","Wilko","Cars and Playsets","Multi",NA,"1","3 Years +",NA,NA,NA,NA,0.941666666666667
"TOY","ACT","456602","Wilko Roadsters Road Ripper Rockin Ride","Wilko","Cars and Playsets","Multi",NA,"1","3 Years +",NA,NA,NA,NA,0.941666666666667
"TOY","ACT","456603","Wilko Roadsters Road Ripper Street Beatz","Wilko","Cars and Playsets","Multi",NA,"1","3 Years +",NA,NA,NA,NA,0.941666666666667
"TOY","ACT","456605","Hot Wheels Light and Sound Extreme Action","Wilko","Cars and Playsets","Multi",NA,"1","3 Years +",NA,NA,NA,NA,0.891666666666667
"TOY","ACT","456619","Zuru Micro Boats Assorted","Wilko","Water Toys","Multi",NA,"1","3 Years +",NA,NA,NA,NA,0.891666666666667
"TOY","ACT","456620","Micro Boat Water Slide Playset","Wilko","Waterboats and Playsets","Multi",NA,"1","3 Years +",NA,NA,NA,NA,0.891666666666667
"TOY","ACT","285276","WWE Figure 6in Assortment","WWE","Action Figures","Multi",NA,"1","6 Years +",NA,NA,NA,NA,0.941666666666667
"TOY","ACT","439743","WWE Mini Figure Assorted","WWE","Collectables","Multi",NA,"1","3 Years +",NA,NA,NA,NA,0.941666666666667
"TOY","BLO","446943","Wilko Blox Police Starter Tube","Wilko","Police and Fire Building Sets","Multi",NA,"1","5 Years +",NA,NA,NA,NA,0.941666666666667
"TOY","BLO","447278","Wilko Blox Police and Robbery Medium Set","Wilko","Police and Fire Building Sets","Multi",NA,"1","6 Years +",NA,NA,NA,NA,0.941666666666667
"TOY","BLO","447279","Wilko Blox Dump Truck Medium Set","Wilko","City Contruction Building Sets","Multi",NA,"1","6 Years +",NA,NA,NA,NA,0.941666666666667
"TOY","BLO","447298","Wilko Blox Military Starter Tube","Wilko","Military Building Sets","Multi",NA,"1","5 Years +",NA,NA,NA,NA,0.941666666666667
"TOY","BLO","447299","Wilko Blox City Riders Starter Tube","Wilko","City Vehicles Building Sets","Multi",NA,"1","5 Years +",NA,NA,NA,NA,0.941666666666667
"TOY","BLO","447300","Wilko Blox Fireman Starter Tube","Wilko","Police and Fire Building Sets","Multi",NA,"1","5 Years +",NA,NA,NA,NA,0.941666666666667
"TOY","BLO","447301","Wilko Blox Construction Starter Tube","Wilko","City Contruction Building Sets","Multi",NA,"1","5 Years +",NA,NA,NA,NA,0.941666666666667
"TOY","BOY","336365","Wilko Heroes Battle Tower Zone","Wilko","Cars and Playsets","Multi",NA,"1","3 Years +",NA,NA,NA,NA,0.941666666666667
"TOY","COL","335980","Wilko Play Farm Animals Assortment","Wilko","Animal Figures","Multi",NA,"1","3 Years +",NA,NA,NA,NA,0.941666666666667
"TOY","COL","336383","Wilko Play Dinosaurs Small Assortment","Wilko","Animal Figures","Multi",NA,"1","3 Years +",NA,NA,NA,NA,0.941666666666667
"TOY","COL","336385","Wilko Play Jungle Animals Assortment","Wilko","Animal Figures","Multi",NA,"1","3 Years +",NA,NA,NA,NA,0.941666666666667
"TOY","COL","336386","Wilko Play Horses Assortment","Wilko","Animal Figures","Multi",NA,"1","3 Years +",NA,NA,NA,NA,0.9
"TOY","COL","336387","Wilko Play Knights Assortment","Wilko","Action Figures","Multi",NA,"1","3 Years +",NA,NA,NA,NA,0.941666666666667
"TOY","COL","336388","Wilko Play Dragons Large Assortment","Wilko","Animal Figures","Multi",NA,"1","3 Years +",NA,NA,NA,NA,0.941666666666667
"TOY","COL","336390","Wilko Play Unicorns Assortment","Wilko","Animal Figures","Multi",NA,"1","3 Years +",NA,NA,NA,NA,0.9
"TOY","COL","336391","Wilko Play Dinosaurs Large Assortment","Wilko","Animal Figures","Multi",NA,"1","3 Years +",NA,NA,NA,NA,0.941666666666667
"TOY","COL","416680","Wilko Play Heroic Knight Figure Assortment","Wilko","Action Figures","Multi",NA,"1","3 Years +",NA,NA,NA,NA,0.941666666666667
"TOY","COL","416683","Wilko Play Pirate Figure Assortment","Wilko","Action Figures","Multi",NA,"1","3 Years +",NA,NA,NA,NA,0.941666666666667
"TOY","COL","416691","Wilko Soft T-Rex Dinosaur","Wilko","Animal Figures","Multi",NA,"1","3 Years +",NA,NA,NA,NA,0.941666666666667
"TOY","COL","416692","Wilko Soft Apatosaurus Dinosaur","Wilko","Animal Figures","Multi",NA,"1","3 Years +",NA,NA,NA,NA,0.941666666666667
"TOY","COL","416693","Wilko Soft Pteradactyl Dinosaur","Wilko","Animal Figures","Multi",NA,"1","3 Years +",NA,NA,NA,NA,0.941666666666667
"TOY","COL","438484","Wilko Dino Figures Mini 4pk Assortment","Wilko","Collectables","Multi",NA,"4","3 Years +",NA,NA,NA,NA,0.941666666666667
"TOY","COL","438485","Wilko Dog Figures Mini 4pk Assortment","Wilko","Collectables","Multi",NA,"4","3 Years +",NA,NA,NA,NA,0.941666666666667
"TOY","COL","438486","Wilko Cat Figures Mini 4pk Assortment","Wilko","Collectables","Multi",NA,"4","3 Years +",NA,NA,NA,NA,0.941666666666667
"TOY","CRE","439417","Crayola Creations Thread Wrapper","Crayola","Craft Kits","Multi",NA,"1","8 Years +",NA,NA,NA,NA,0.891666666666667
"TOY","CRE","456570","Grafix 2 in 1 Geo Science Experiment Kit","Grafix","Science Fun","Multi",NA,"1","12 Months +",NA,NA,NA,NA,0.891666666666667
"TOY","CRE","456571","Grafix Ulitmate Magic Set","Grafix","Magic Set","Multi",NA,"1","5 Years +",NA,NA,NA,NA,0.891666666666667
"TOY","CRE","454754","Harry Potter Cluedo","Harry Potter","Classic Games",NA,NA,"1","8 years+",NA,NA,NA,NA,0.883333333333333
"TOY","CRE","268008","Classic Monopoly","Hasbro","Board Games","Multi",NA,"1","8 Years +",NA,NA,NA,NA,0.891666666666667
"TOY","CRE","454755","Game of Thrones Cluedo","Hasbro","Classic Games",NA,NA,"1","8 years+",NA,NA,NA,NA,0.783333333333333
"TOY","CRE","280110","Don't Say It Game","Paul Lamond Games","Card Games","Multi",NA,"1","6 Years +",NA,NA,NA,NA,0.891666666666667
"TOY","CRE","291348","Yes No Card Game","Paul Lamond Games","Card Games","Multi",NA,"1","8 Years +",NA,NA,NA,NA,0.891666666666667
"TOY","CRE","419540","FX 4 x 35pc Jigsaw Asst B","Ravensburger","Jigsaws and Puzzles","Multi",NA,"1","3 Years +",NA,NA,NA,NA,0.891666666666667
"TOY","CRE","440504","Jigsaws 4 x 35piece Assorted Theme","Ravensburger","Jigsaws and Puzzles","Multi",NA,"1","3 Years +",NA,NA,NA,NA,0.891666666666667
"TOY","CRE","439968","Robo Fish","Robo Fish","Figures","Multi",NA,"1","3 Years +",NA,NA,NA,NA,0.941666666666667
"TOY","CRE","439969","Robo Fish With Bowl","Robo Fish","Figure Playsets","Multi",NA,"1","3 Years +",NA,NA,NA,NA,0.941666666666667
"TOY","CRE","243479","Wilko Connect Colours Game","Wilko","Classic Games","Multi",NA,"1","3 Years +",NA,NA,NA,NA,0.941666666666667
"TOY","CRE","243502","Wilko Hangman Game","Wilko","Classic Games","Multi",NA,"1","3 Years +",NA,NA,NA,NA,0.941666666666667
"TOY","CRE","320573","Wilko Blox Emergency Vehicle Starter Set Assortment","Wilko","Police and Fire Building Sets","Multi",NA,"1","5 Years +",NA,NA,NA,NA,0.941666666666667
"TOY","CRE","335883","Wilko Blox Ice Cream/Camper Van Assortment","Wilko","City Vehicles Building Sets","Multi",NA,"1","5 Years +",NA,NA,NA,NA,0.941666666666667
"TOY","CRE","335884","Wilko Blox Baseplate Assortment","Wilko","Accessories","Multi",NA,"1","3 Years +",NA,NA,NA,NA,0.941666666666667
"TOY","CRE","335886","Wilko Blox Fashion Beauty Starter Set","Wilko","City Life Building Sets","Multi",NA,"1","5 Years +",NA,NA,NA,NA,0.941666666666667
"TOY","CRE","335982","Wilko Decorate Your Own Jewellery Box","Wilko","Beads and Jewels","Pink",NA,"1","6 Years +",NA,NA,NA,NA,0.941666666666667
"TOY","CRE","335984","Wilko Torment Game","Wilko","Classic Games","Multi",NA,"1","3 Years +",NA,NA,NA,NA,0.941666666666667
"TOY","CRE","336343","Wilko Blox Figures 5pk Assortment","Wilko","Accessories","Multi",NA,"5","3 Years +",NA,NA,NA,NA,0.941666666666667
"TOY","CRE","337773","Wilko Blox High Speed Tanker Set Assortment","Wilko","City Vehicles Building Sets","Multi",NA,"1","5 Years +",NA,NA,NA,NA,0.941666666666667
"TOY","CRE","350199","Wilko Blox Spaceship Starter Set Assorted","Wilko","Space Building Sets","Multi",NA,"1","5 Years +",NA,NA,NA,NA,0.941666666666667
"TOY","CRE","350201","Wilko Blox Park Cafe Small Set","Wilko","City Life Building Sets","Multi",NA,"1","5 Years +",NA,NA,NA,NA,0.941666666666667
"TOY","CRE","350854","Wilko Play Marble Race 90pcs","Wilko","Classic Games","Multi",NA,"1","3 Years +",NA,NA,NA,NA,0.941666666666667
"TOY","CRE","350902","Wilko Who Am I Game","Wilko","Classic Games","Multi",NA,"1","3 Years +",NA,NA,NA,NA,0.941666666666667
"TOY","CRE","350914","Wilko 3D Snakes and Ladders Game","Wilko","Classic Games","Multi",NA,"1","3 Years +",NA,NA,NA,NA,0.941666666666667
"TOY","CRE","414818","Wilko Blox Animal Assortment","Wilko","Fantasy Building Sets","Multi",NA,"1","5 Years +",NA,NA,NA,NA,0.941666666666667
"TOY","CRE","414819","Wilko Blox Dinosaur Assortment","Wilko","Fantasy Building Sets","Multi",NA,"1","5 Years +",NA,NA,NA,NA,0.941666666666667
"TOY","CRE","414821","Wilko Blox Safari Mammal Assortment","Wilko","Fantasy Building Sets","Multi",NA,"1","3 Years +",NA,NA,NA,NA,0.941666666666667
"TOY","CRE","414822","Wilko Blox Dinosaur Assortment","Wilko","Fantasy Building Sets","Multi",NA,"1","5 Years +",NA,NA,NA,NA,0.941666666666667
"TOY","CRE","414823","Wilko Blox Space Ship Medium Set","Wilko","Space Building Sets","Multi",NA,"1","6 Years +",NA,NA,NA,NA,0.941666666666667
"TOY","CRE","414824","Wilko Blox Emergency Medium Set Assortment","Wilko","Police and Fire Building Sets","Multi",NA,"1","6 Years +",NA,NA,NA,NA,0.941666666666667
"TOY","CRE","414842","Wilko Blox Storage Box","Wilko","Accessories","Multi",NA,"1","3 Years +",NA,NA,NA,NA,0.941666666666667
"TOY","CRE","414843","Wilko Blox Base Plate 5pk","Wilko","Accessories","Multi",NA,"1","3 Years +",NA,NA,NA,NA,0.941666666666667
"TOY","CRE","417597","Wilko Blox Luxury Yacht Set","Wilko","City Life Building Sets","Multi",NA,"1","3 Years +",NA,NA,NA,NA,0.941666666666667
"TOY","CRE","417599","Wilko Blox Advent Calendar","Wilko","Advent Calendar","Multi",NA,"1","5 Years +",NA,NA,NA,NA,0.941666666666667
"TOY","CRE","419989","Wilko Christmas Blox Crackers 6pk","Wilko","Christmas Building Sets","Multi",NA,"6","3 Years +",NA,NA,NA,NA,0.941666666666667
"TOY","CRE","438388","Wilko Blox Space Ships Small Set Assortment","Wilko","Space Building Sets","Multi",NA,"1","5 Years +",NA,NA,NA,NA,0.941666666666667
"TOY","CRE","438392","Wilko Blox Aircraft Small Set","Wilko","Police and Fire Building Sets","Multi",NA,"1","3 Years +",NA,NA,NA,NA,0.941666666666667
"TOY","CRE","438393","Wilko Blox Robot 3 in 1 Small Set Assortment","Wilko","Space Building Sets","Multi",NA,"1","5 Years +",NA,NA,NA,NA,0.941666666666667
"TOY","CRE","438395","Wilko Blox Xmas Scene Medium Set","Wilko","Christmas Building Sets","Multi",NA,"1","3 Years +",NA,NA,NA,NA,0.941666666666667
"TOY","CRE","438396","Wilko Blox Pet Parlour Medium Set","Wilko","City Life Building Sets","Multi",NA,"1","6 Years +",NA,NA,NA,NA,0.941666666666667
"TOY","CRE","438397","Wilko Blox Sweet Shop Medium Set","Wilko","City Life Building Sets","Multi",NA,"1","6 Years +",NA,NA,NA,NA,0.941666666666667
"TOY","CRE","438398","Wilko Blox London Bus Medium Set","Wilko","City Vehicles Building Sets","Multi",NA,"1","6 Years +",NA,NA,NA,NA,0.941666666666667
"TOY","CRE","438411","Wilko Blox Drawstring Playmat Carry Bag","Wilko","Accessories","Multi",NA,"1","3 Years +",NA,NA,NA,NA,0.941666666666667
"TOY","CRE","438415","Wilko Puzzle 500pcsAssorted","Wilko","Jigsaws and Puzzles","Multi",NA,"1","5 Years +",NA,NA,NA,NA,0.941666666666667
"TOY","CRE","438417","Wilko Puzzle 1000pcs","Wilko","Jigsaws and Puzzles","Multi",NA,"1","5 Years +",NA,NA,NA,NA,0.941666666666667
"TOY","CRE","438430","Wilko Blox Figures 5pk Asst B","Wilko","Accessories","Multi",NA,"1","3 Years +",NA,NA,NA,NA,0.941666666666667
"TOY","CRE","438431","Wilko Blox Figures 5pk Asst C","Wilko","Accessories","Multi",NA,"1","3 Years +",NA,NA,NA,NA,0.941666666666667
"TOY","CRE","456575","Wilko Dino Op Game","Wilko","Classic Games","Multi",NA,"1","5 Years +",NA,NA,NA,NA,0.941666666666667
"TOY","CRE","456576","Wilko Mouth Off Game","Wilko","Party Games","Multi",NA,"1","5 Years +",NA,NA,NA,NA,0.941666666666667
"TOY","CRE","457341","Wilko Splat Face Game","Wilko","Party Games","Multi",NA,"1","5 Years +",NA,NA,NA,NA,0.941666666666667
"TOY","FAN","280281","Barbie Fashion Doll Assorted","Barbie","Dolls","Multi",NA,"1","3 Years +",NA,NA,NA,NA,0.9
"TOY","FAN","401809","Barbie Beach Ken","Barbie","Dolls","Multi",NA,"1","3 Years +",NA,NA,NA,NA,0.9
"TOY","FAN","448537","Barbie Fashionista Doll Assorted","Barbie","Dolls","Multi",NA,"1","3 Years +","Wipe Clean Only",NA,NA,NA,0.95
"TOY","FAN","448539","Barbie Fashion Dresses Assortment","Barbie","Doll Accessories","Multi",NA,"1","3 Years +","Wipe Clean Only",NA,NA,NA,0.95
"TOY","FAN","448231","Beados Refill Pack","Beados","Beads and Jewels","Multi",NA,"1","3 Years +",NA,NA,NA,NA,0.9
"TOY","FAN","448233","Beados Four Colour Pen","Beados","Beads and Jewels","Multi",NA,"1","5 Years +",NA,NA,NA,NA,0.941666666666667
"TOY","FAN","448342","Bunchems Bugs Bestioles Creation Pack","Bunchems","Craft Kits","Multi",NA,"1","3 Years +",NA,NA,NA,NA,0.941666666666667
"TOY","FAN","448401","Bunchems Colour Booster Creation Pack","Bunchems","Craft Kits","Multi",NA,"1","6 Years +",NA,NA,NA,NA,0.941666666666667
"TOY","FAN","443823","Chicco Ranger Dolls Pram Junior Collection Pink","Chicco Capri","Pram",NA,NA,"1","3 Years +",NA,NA,NA,NA,0.8
"TOY","FAN","452666","Cupcake Surprise Doll","Cupcake Surprise","Dolls","Multi",NA,"1","3 Years +",NA,NA,NA,NA,0.9
"TOY","FAN","345055","Disney Princess Bath Doll Assorted","Disney","Dolls","Multi",NA,"1","3 Years +",NA,NA,NA,NA,0.9
"TOY","FAN","408611","Palace Pets Furry Tail Friends Assortment","Disney","Figures","Multi",NA,"1","3 Years +",NA,NA,NA,NA,0.85
"TOY","FAN","428516","Disney Princess Classic Fashion Doll Assorted","Disney","Dolls","Multi",NA,"1","3 Years +",NA,NA,NA,NA,0.9
"TOY","FAN","439450","Disney Cinderella Twirling Skirt Doll","Disney","Dolls","Multi",NA,"1","3 Years +",NA,NA,NA,NA,0.9
"TOY","FAN","439633","Disney Princess Microphone","Disney","Singing Microphone","Multi",NA,"1","3 Years +",NA,NA,NA,NA,0.9
"TOY","FAN","447531","Disney Princess Light Up Ball","Disney","Play Balls","Multi",NA,"1","3 Years +",NA,NA,NA,NA,0.9
"TOY","FAN","449840","Disney Princess Small Doll Assorted","Disney","Dolls","Multi",NA,"1","3 Years +",NA,NA,NA,NA,0.9
"TOY","FAN","408630","Disney Frozen Twirling Baton","Disney Frozen","Baton","Multi",NA,"1","3 Years +",NA,NA,NA,NA,0.941666666666667
"TOY","FAN","440509","Disney Frozen Fashems","Disney Frozen","Collectables","Multi",NA,"1","3 Years +",NA,NA,NA,NA,0.9
"TOY","FAN","443801","Disney Frozen Walkie Talkies","Disney Frozen","Walkie Talkies","Multi",NA,"2","3 Years +",NA,NA,NA,NA,0.9
"TOY","FAN","448276","Disney Frozen Doll Assorted","Disney Frozen","Dolls","Multi",NA,"1","3 Years +",NA,NA,NA,NA,0.9
"TOY","FAN","456434","Hatchimals Colleggtible Blind Egg","Hatchimals","Hatchimals","Multi",NA,"1","5 Years +",NA,NA,NA,NA,0.85
"TOY","FAN","456436","Hatchimals Colleggtible and Bonus Egg 4pk","Hatchimals","Hatchimals","Multi",NA,"4","5+",NA,NA,NA,NA,0.85
"TOY","FAN","440187","Lalaloopsy Babies Doll Asst","Lalaloopsy","Dolls","Multi",NA,"1","3 Years +",NA,NA,NA,NA,0.9
"TOY","FAN","408613","Little Live Pets Bird Pack Assortment","Little Live Pets","Collectables","Multi",NA,"1","5 Years +",NA,NA,NA,NA,0.9
"TOY","FAN","439912","Little Live Pets Turtle Assortment","Little Live Pets","Collectables","Multi",NA,"1","3 Years +",NA,NA,NA,NA,0.9
"TOY","FAN","448243","Little Live Pets Baby Chick","Little Live Pets","Figure Playsets","Multi",NA,"1","5 Years +",NA,NA,NA,NA,0.9
"TOY","FAN","450777","Little Live Pets Tweet Talking Bird Cage","Little Live Pets","Figure Playsets","Multi",NA,"1","5 Years +",NA,NA,NA,NA,0.9
"TOY","FAN","417884","Monster High Zombie Shake 2pk","Monster High","Dolls","Multi",NA,"2","6 Years +",NA,NA,NA,NA,0.9
"TOY","FAN","417886","Monster High Frights Camera Action Assortment","Monster High","Dolls","Multi",NA,"1","6 Years +",NA,NA,NA,NA,0.9
"TOY","FAN","439423","Monster High Art Class Doll Asst","Monster High","Dolls","Multi",NA,"1","6 Years +",NA,NA,NA,NA,0.9
"TOY","FAN","417888","My Little Pony Scribble Me Assortment","My Little Pony","Soft Toys","Multi",NA,"1","3 Years +",NA,NA,NA,NA,0.9
"TOY","FAN","440507","My Little Pony Fashems","My Little Pony","Collectables","Multi",NA,"1","3 Years +",NA,NA,NA,NA,0.9
"TOY","FAN","448193","My Little Pony Movie Character Figure","My Little Pony","Collectables","Multi",NA,"1","3 Years +",NA,NA,NA,NA,0.9
"TOY","FAN","448277","My Little Pony Blind Bag","My Little Pony","Collectables","Multi",NA,"1","3 Years +",NA,NA,NA,NA,0.9
"TOY","FAN","438670","Pony Cycle Ride On Toy","Pony Cycle","Pony Cycle","Multi",NA,"1","3 Years +",NA,NA,NA,NA,0.9
"TOY","FAN","428006","Shopkins 5pk","Shopkins","Figure Playsets","Multi",NA,"5","5 Years +","Wipe Clean Only",NA,NA,NA,0.9
"TOY","FAN","428007","Shopkins Deluxe Pack Asst","Shopkins","Figure Playsets","Multi",NA,"1","5 Years +","Wipe Clean Only",NA,NA,NA,0.95
"TOY","FAN","428008","Shopkins Shoppies Doll Asst","Shopkins","Dolls","Multi",NA,"1","5 Years +","Wipe Clean Only",NA,NA,NA,0.95
"TOY","FAN","448259","Shopkins 12pk","Shopkins","Collectables","Multi",NA,"1","5 Years +",NA,NA,NA,NA,0.9
"TOY","FAN","320602","Sparkle Girlz Winter Fairy Doll Assortment","Sparkle Girls","Dolls","Multi",NA,"1","3 Years +",NA,NA,NA,NA,0.85
"TOY","FAN","335994","Sparkle Girlz Little Fairy Doll Assortment","Sparkle Girls","Dolls","Multi",NA,"1","3 Years +",NA,NA,NA,NA,0.85
"TOY","FAN","438454","Sparkle Girlz Princess Doll Pony Carriage","Sparkle Girls","Dolls","Multi",NA,"1","3 Years +",NA,NA,NA,NA,0.85
"TOY","FAN","438459","Sparkle Girlz Winter Doll Large","Sparkle Girls","Dolls","Multi",NA,"1","3 Years +",NA,NA,NA,NA,0.85
"TOY","FAN","439980","Star Wars Small Projector","Star Wars","Projector","Multi",NA,"1","3 Years +",NA,NA,NA,NA,0.941666666666667
"TOY","FAN","440594","Trolls Small Blind Bag","Trolls","Collectables","Multi",NA,"1","5 Years +",NA,NA,NA,NA,0.85
"TOY","FAN","439880","Tsum Tsum Twin Pack","Tsum Tsum","Collectables",NA,NA,"2",NA,NA,NA,NA,NA,0.8625
"TOY","FAN","447525","Disney Tsum Tsum Christmas Tin","Tsum Tsum","Collectables","Multi",NA,"1","3 Years +",NA,NA,NA,NA,0.85
"TOY","FAN","280431","Wilko Little Baby Doll","Wilko","Dolls","Multi",NA,"1","12 Months +",NA,NA,NA,NA,0.9
"TOY","FAN","305678","Wilko Dress Up Doll","Wilko","Dolls","Multi",NA,"1","3 Years +","Do Not Wash",NA,NA,NA,0.95
"TOY","FAN","320670","Wilko Baby Doll Nappies 5pk","Wilko","Doll Accessories","White",NA,"5","3 Years +","Do Not Wash",NA,NA,NA,0.95
"TOY","FAN","320671","Wilko Baby Doll Outfits 4pk","Wilko","Doll Accessories","Multi",NA,"4","3 Years +","Do Not Wash",NA,NA,NA,0.95
"TOY","FAN","320673","Wilko Newborn Changing Bag","Wilko","Doll Accessories","Multi",NA,"1","3 Years +",NA,NA,NA,NA,0.9
"TOY","FAN","335998","Wilko Let's Pretend Princess Doll Assortment","Wilko","Dolls","Multi",NA,"1","3 Years +",NA,NA,NA,NA,0.9
"TOY","FAN","336012","Wilko Time For Tea Doll","Wilko","Dolls","Multi",NA,"1","3 Years +","Do Not Wash",NA,NA,NA,0.95
"TOY","FAN","350590","Wilko Baby Doll Carrier","Wilko","Doll Accessories","Multi",NA,"1","3 Years +","Hand Wash Only",NA,NA,NA,0.95
"TOY","FAN","417311","Wilko Play Princess Doll and Horse with GroomingAccessories","Wilko","Dolls","Multi",NA,"1","3 Years +",NA,NA,NA,NA,0.9
"TOY","FAN","417312","Wilko Play Princess Dolls 5pk Assortment","Wilko","Dolls","Multi",NA,"5","3 Years +",NA,NA,NA,NA,0.9
"TOY","FAN","417383","Wilko Story Tales Knitted Gingerbread Man Doll","Wilko","Dolls","Multi",NA,"1","From Birth",NA,NA,NA,NA,0.9
"TOY","FAN","417385","Wilko Story Tales Goldilocks Rag Doll","Wilko","Dolls","Multi",NA,"1","From Birth",NA,NA,NA,NA,0.9
"TOY","FAN","417386","Wilko Storytales Red Riding Hood Ragdoll","Wilko","Dolls","Multi",NA,"1","From Birth",NA,NA,NA,NA,0.9
"TOY","FAN","419463","Wilko Let's Cuddle Doll","Wilko","Dolls","Multi",NA,"1","3 Years +",NA,NA,NA,NA,0.9
"TOY","FAN","419487","Wilko Play Mobile Home with Accessories","Wilko","Figure Playsets","Multi","2x AAA Batteries Included","1","3 Years +",NA,NA,NA,NA,0.95
"TOY","FAN","419488","Wilko Play Doll Pushchair","Wilko","Doll Accessories","Multi",NA,"1","3 Years +",NA,NA,NA,NA,0.9
"TOY","FAN","438453","Wilko Set of 10 Mini Dolls","Wilko","Dolls","Multi",NA,"10","3 Years +",NA,NA,NA,NA,0.9
"TOY","FAN","438559","Wilko Play Hairdressing Kit","Wilko","Play Dress Up","Multi",NA,"1",NA,NA,NA,NA,NA,0.93
"TOY","FAN","438560","Wilko Feeding Time Baby Doll Boxed","Wilko","Dolls","Multi",NA,"1","2 Years +",NA,NA,NA,NA,0.9
"TOY","FAN","438660","Wilko Baby Bath Time Set","Wilko","Doll Accessories","Multi",NA,"1","2+ Years",NA,NA,NA,NA,0.9
"TOY","FAN","438662","Wilko Potty And Bottle Set","Wilko","Doll Accessories","Multi",NA,"1","3 Years +",NA,NA,NA,NA,0.9
"TOY","FAN","438663","Wilko Twin Dolls","Wilko","Dolls","Multi",NA,"1","2 Years +",NA,NA,NA,NA,0.9
"TOY","FAN","438664","Wilko Milk and Juice Magic Feeding Bottles","Wilko","Doll Accessories","Multi",NA,"1","3 Years +",NA,NA,NA,NA,0.9
"TOY","FAN","456223","Wilko Magic Bottle with Feeding Set","Wilko","Doll Accessories","Multi",NA,"1","2 Years +",NA,NA,NA,NA,0.9
"TOY","FAN","456224","Wilko Splash About Baby Doll","Wilko","Dolls","Multi",NA,"1","18 Months +",NA,NA,NA,NA,0.9
"TOY","FAN","456471","Wilko Doll Bed, High Chair and Swing Set","Wilko","Doll Accessories","Multi",NA,"1","3 Years +",NA,NA,NA,NA,0.9
"TOY","FAN","456474","Wilko Baby Accessories with Bag 50pcs","Wilko","Doll Accessories","Multi",NA,"1","3 Years +",NA,NA,NA,NA,0.9
"TOY","FAN","456503","Wilko Dolls Fashion Outfit Single","Wilko","Doll Accessories","Multi",NA,"1","3 Years +","Hand Wash Only",NA,NA,NA,0.95
"TOY","FAN","456504","Wilko Dolls Fashion Outfit Set","Wilko","Doll Accessories","Multi",NA,"4","3 Years +","Hand Wash Only",NA,NA,NA,0.95
"TOY","FAN","456532","Wilko Royal Breeds Equestrian Challenge","Wilko","Figure Playsets","Multi",NA,"1","3 Years +",NA,NA,NA,NA,0.941666666666667
"TOY","FAN","456533","Wilko Royal Breeds Build a Stable","Wilko","Figure Playsets","Multi",NA,"1","3 Years +",NA,NA,NA,NA,0.941666666666667
"TOY","FAN","456534","Wilko Royal Breeds Pretty Grooming Assorted","Wilko","Figure Playsets","Multi",NA,"1","3 Years +",NA,NA,NA,NA,0.941666666666667
"TOY","FAN","456607","Wilko Single Doll Outfit","Wilko","Doll Accessories","Multi",NA,"1","3 Years +",NA,NA,NA,NA,0.9
"TOY","FAN","456608","Wilko Talking Softie Baby Doll","Wilko","Dolls","Multi",NA,"1","12 Months +","Do Not Wash",NA,NA,NA,0.95
"TOY","FAN","456609","Wilko Potty Time Doll","Wilko","Dolls","Multi",NA,"1","3 Years +","Do Not Wash",NA,NA,NA,0.95
"TOY","FAN","456611","Wilko Princess Styling Head","Wilko","Dolls","Multi",NA,"1","3 Years +","Do Not Wash",NA,NA,NA,0.95
"TOY","GAM","426522","Buki Cristaux Crystal Lab Experiments","Buki","Craft Kits",NA,NA,"1","8 years+",NA,NA,NA,NA,0.883333333333333
"TOY","GAM","448462","Dobble","Dobble","Party Games","Multi",NA,"1","6 Years +",NA,NA,NA,NA,0.941666666666667
"TOY","GAM","448596","Harry Potter Trivial Pursuit","Harry Potter","Card Games",NA,NA,"1","8+",NA,NA,NA,NA,0.883333333333333
"TOY","GAM","448590","Game Of Thrones Monopoly","Monopoly","Board Games",NA,NA,"1","18+",NA,NA,NA,NA,0.883333333333333
"TOY","GAM","448591","Disney Classic Monopoly","Monopoly","Board Games",NA,NA,"1","8+",NA,NA,NA,NA,0.883333333333333
"TOY","GAM","448593","Pokemon Monopoly","Monopoly","Board Games",NA,NA,"1","4+",NA,NA,NA,NA,0.883333333333333
"TOY","GAM","401406","Charades For Kids","Paul Lamond Games","Classic Games","Multi",NA,"1","3 Years +",NA,NA,NA,NA,0.891666666666667
"TOY","GAM","448224","Are We There Yet? Travel Game","Paul Lamond Games","Card Games","Multi",NA,"1","6 Years +",NA,NA,NA,NA,0.841666666666667
"TOY","GAM","446703","Peppa Pig 4 in 1 Shaped Puzzle","Peppa Pig","Jigsaws and Puzzles","Multi",NA,"1","3 Years +",NA,NA,NA,NA,0.941666666666667
"TOY","GAM","448463","Pokemon Sleeved Trading Card Booster","Pokemon","Card Games","Multi",NA,"1","6 Years +",NA,NA,NA,NA,0.941666666666667
"TOY","GAM","448594","Disney Princess Top Trumps Match","Top Trumps","Card Games",NA,NA,NA,NA,NA,NA,NA,NA,0.766666666666667
"TOY","GAM","448595","Star Wars Top Trumps Quiz","Top Trumps","Card Games",NA,NA,"1","8+",NA,NA,NA,NA,0.883333333333333
"TOY","GAM","448601","Star Wars Top Trumps","Top Trumps","Card Games",NA,NA,"1","3+",NA,NA,NA,NA,0.883333333333333
"TOY","GAM","448602","Shopkins Top Trumps","Top Trumps","Card Games",NA,NA,"1","3+",NA,NA,NA,NA,0.883333333333333
"TOY","GAM","448603","Minions Top Trumps","Top Trumps","Card Games",NA,NA,"1","3+",NA,NA,NA,NA,0.883333333333333
"TOY","GAM","448605","Paw Patrol Top Trumps","Top Trumps","Card Games",NA,NA,"1","3+",NA,NA,NA,NA,0.883333333333333
"TOY","GAM","448606","Marvel Universe Top Trumps","Top Trumps","Card Games",NA,NA,"1","3+",NA,NA,NA,NA,0.883333333333333
"TOY","GAM","448607","My Little Pony Top Trumps","Top Trumps","Card Games",NA,NA,NA,NA,NA,NA,NA,NA,0.766666666666667
"TOY","GIR","401401","Disney Sofia The First Royal Coach","Disney","Doll Playsets",NA,NA,"1","3+",NA,NA,NA,NA,0.85
"TOY","GIR","419692","Monster High Vinyl Collectable Assorted","Monster High","Dolls","Multi",NA,"1","6 Years +",NA,NA,NA,NA,0.9
"TOY","GIR","350603","Wilko Happy Family Doll Set","Wilko","Dolls","Multi",NA,"1","3 Years +",NA,NA,NA,NA,0.9
"TOY","JIG","322889","Ravensburger 4 in a Box Puzzle AssortmentA","Ravensburger","Jigsaws and Puzzles","Multi",NA,"1","3 Years +",NA,NA,NA,NA,0.941666666666667
"TOY","JIG","337501","Ravensburger 4 in a Box Puzzle AssortmentB","Ravensburger","Jigsaws and Puzzles","Multi",NA,"1","3 Years +",NA,NA,NA,NA,0.941666666666667
"TOY","PLU","433467","Disney Tsum Tsum Assortment","Tsum Tsum","Plush","Multi",NA,"1","From Birth","Hand Wash Only",NA,NA,NA,0.95
"TOY","PLU","337578","TY Beanie Boo Assortment","TY","Soft Toys","Multi",NA,"1","From Birth",NA,NA,NA,NA,0.9
"TOY","PLU","401480","Ty Large Boo Assortment 1","TY","Soft Toys","Multi",NA,"1","From Birth",NA,NA,NA,NA,0.9
"TOY","PLU","401481","Ty Large Boo Assortment 2","TY","Soft Toys","Multi",NA,"1","From Birth",NA,NA,NA,NA,0.9
"TOY","PLU","403163","TY Beanie Boo Key Chain Assortment","TY","Soft Toys","Multi",NA,"1","3 Years +",NA,NA,NA,NA,0.9
"TOY","PLU","419674","TY Beanie Buddies Assortment","TY","Soft Toys","Multi",NA,"1","From Birth","Hand Wash Only",NA,NA,NA,0.95
"TOY","PLU","439905","Ty Beanie Babies Assortment","TY","Soft Toys","Multi",NA,"1","From Birth","Hand Wash Only",NA,NA,NA,0.95
"TOY","PLU","439915","Ty Teeny TYs Assorted","TY","Collectables","Multi",NA,"1","From Birth",NA,NA,NA,NA,0.9
"TOY","POC","447792","EPL Match Attax 16/17 pk","Match Attax","Card Games",NA,NA,"9","3+ Years",NA,NA,NA,NA,0.883333333333333
"TOY","POC","457309","Grafix Bracelets Sets Assorted","RMS International","Beads and Jewels","Multi",NA,"1","5+",NA,NA,NA,NA,0.891666666666667
"TOY","POC","409218","Shopkins Basket Collectable Characters 2pk","Shopkins","Collectables",NA,NA,"2 Pack","5+",NA,NA,NA,NA,0.883333333333333
"TOY","POC","457314","Trolls Shimmering Lip Gloss Assorted","Trolls","Pocket Money","Multi",NA,"1","6+",NA,NA,NA,NA,0.9
"TOY","POC","447225","Tsum Tsum Foil Bag","Tsum Tsum","Collectables","Multi",NA,"1","3+ Years",NA,NA,NA,NA,0.941666666666667
"TOY","POC","305715","Wilko Play Self Inflating Whoopee Cushion","Wilko","Jokes",NA,NA,"1","3+",NA,NA,NA,NA,0.883333333333333
"TOY","POC","320689","Wilko Play Parp Putty","Wilko","Pocket Money",NA,NA,"1","3+ Years",NA,NA,NA,NA,0.883333333333333
"TOY","POC","320694","Wilko Play Chitter Chatter Teeth","Wilko","Jokes","Multi",NA,"1","3+ Years",NA,NA,NA,NA,0.941666666666667
"TOY","POC","320772","Wilko Play Squishy Lizard Assortment","Wilko","Pocket Money",NA,NA,NA,"3+",NA,NA,NA,NA,0.825
"TOY","POC","334752","Wilko Play Stretchy Rope","Wilko","Pocket Money",NA,NA,"1","3+ Years",NA,NA,NA,NA,0.883333333333333
"TOY","POC","334760","Wilko Play Expanding Ball","Wilko","Pocket Money","Multi",NA,"1","3+ Years",NA,NA,NA,NA,0.941666666666667
"TOY","POC","349688","Wilko Play Pop A-Matic Gun","Wilko","Pocket Money","Multi",NA,"1","4+",NA,NA,NA,NA,0.941666666666667
"TOY","POC","349819","Wilko Play Wind Up Chick and Bunny","Wilko","Pocket Money",NA,NA,"1","3+ Years",NA,NA,NA,NA,0.883333333333333
"TOY","POC","349822","Wilko Play Globe Ball","Wilko","Pocket Money",NA,NA,"1","3+ Years",NA,NA,NA,NA,0.883333333333333
"TOY","POC","417706","Wilko Robotic Hand Claw","Wilko","Pocket Money","Multi",NA,"1","1+ Years",NA,NA,NA,NA,0.941666666666667
"TOY","POC","417707","Wilko Light Up Smilers","Wilko","Pocket Money",NA,NA,"1","3+ Years",NA,NA,NA,NA,0.883333333333333
"TOY","POC","417708","Wilko Glitter Ball Light Up Balls","Wilko","Pocket Money",NA,NA,"1","3+ Years",NA,NA,NA,NA,0.883333333333333
"TOY","POC","417715","Wilko Pin Art","Wilko","Pocket Money",NA,NA,"1","4+",NA,NA,NA,NA,0.883333333333333
"TOY","POC","427890","Wilko Grab It Claw","Wilko","Pocket Money",NA,NA,"1","3+ Years",NA,NA,NA,NA,0.883333333333333
"TOY","POC","433263","Wilko Super Stretchy Animals","Wilko","Pocket Money",NA,NA,"1","4+",NA,NA,NA,NA,0.883333333333333
"TOY","POC","433264","Wilko Mega Magnet","Wilko","Pocket Money",NA,NA,"1","4+",NA,NA,NA,NA,0.883333333333333
"TOY","POC","447474","Wilko Glow in The Dark Yoyo","Wilko","YoYo",NA,NA,"1","3+ Years",NA,NA,NA,NA,0.883333333333333
"TOY","POC","447838","Wilko Wind Up Speed Boat","Wilko","Pocket Money",NA,NA,"1","3+ Years",NA,NA,NA,NA,0.883333333333333
"TOY","POC","456917","Wilko Prankz Cracked Screen","Wilko","Jokes","Multi",NA,"1","4+",NA,NA,NA,NA,0.941666666666667
"TOY","POC","456919","Wilko Dino Egg","Wilko","Pocket Money","Multi",NA,"1","4+",NA,NA,NA,NA,0.941666666666667
"TOY","POC","456922","Wilko Fishing Game","Wilko","Pocket Money","Multi",NA,"1","3+",NA,NA,NA,NA,0.941666666666667
"TOY","POC","456923","Wilko X-Botz Robot","Wilko","Pocket Money","Multi",NA,"1","4+",NA,NA,NA,NA,0.941666666666667
"TOY","POC","456924","Wilko Flarp Poo Potty","Wilko","Jokes","Multi",NA,"1","4+",NA,NA,NA,NA,0.941666666666667
"TOY","POC","456925","Wilko Lab Putty LED Scribbler","Wilko","Pocket Money","Multi",NA,"1","4+",NA,NA,NA,NA,0.941666666666667
"TOY","POC","457311","Wilko Flying Flamingos/Dinosaurs Assorted","Wilko","Pocket Money","Multi",NA,"1","6+",NA,NA,NA,NA,0.941666666666667
"TOY","POC","457312","Wilko Duck Shoot","Wilko","Pocket Money","Multi",NA,"1","6+",NA,NA,NA,NA,0.941666666666667
"TOY","POC","457317","Wilko Splat Fun","Wilko","Pocket Money","Multi",NA,"1","3+",NA,NA,NA,NA,0.941666666666667
"TOY","PRE","448314","Fisher Price BeatBo Mini Figure","Fisher Price","Learning Toys","Multi",NA,"1","6 Months +",NA,NA,NA,NA,0.941666666666667
"TOY","PRE","448304","Mega Bloks Build N Learn Bag","Mega Blocks","Learning Toys","Multi",NA,"1","12 Months +",NA,NA,NA,NA,0.891666666666667
"TOY","PRE","427495","Paw Patrol Action Pup and Badge Assortment","Paw Patrol","Figure Playsets","Multi",NA,"1","2 Years +",NA,NA,NA,NA,0.941666666666667
"TOY","PRE","427496","Paw Patrol Pup Racers Assortment","Paw Patrol","Figure Playsets","Multi",NA,"1","2 Years +",NA,NA,NA,NA,0.941666666666667
"TOY","PRE","427497","Paw Patrol Vehicle with Pup Assortment","Paw Patrol","Figure Playsets","Multi",NA,"1","2 Years +",NA,NA,NA,NA,0.941666666666667
"TOY","PRE","427498","Paw Patrol Plush Pup Pals Assortment","Paw Patrol","Soft Toys","Multi",NA,"1","12 Months +",NA,NA,NA,NA,0.9
"TOY","PRE","428063","Paw Patrol Mashems Assortment","Paw Patrol","Collectables","Multi",NA,"1","3 Years +",NA,NA,NA,NA,0.941666666666667
"TOY","PRE","439768","Paw Patrol Pup Squirters","Paw Patrol","Water Toys","Multi",NA,"1","3 Years +",NA,NA,NA,NA,0.941666666666667
"TOY","PRE","440513","Paw Patrol Weebles Figures","Paw Patrol","Collectables","Multi",NA,"1","18 Months +",NA,NA,NA,NA,0.941666666666667
"TOY","PRE","447543","Paw Patrol Walkie Talkie","Paw Patrol","Walkie Talkies","Multi",NA,"1","3 Years +",NA,NA,NA,NA,0.941666666666667
"TOY","PRE","448345","Paw Patrol Mini Figures Assortment","Paw Patrol","Collectables","Multi",NA,"1","3 Years +",NA,NA,NA,NA,0.941666666666667
"TOY","PRE","330555","Peppa Pig Music Set","Peppa Pig","Musical Toys","Multi",NA,"1","3 Years +",NA,NA,NA,NA,0.941666666666667
"TOY","PRE","337556","TY Peppa Pig Key Chain Assortment","Peppa Pig","Soft Toys","Multi",NA,"1","From Birth",NA,NA,NA,NA,0.9
"TOY","PRE","440514","Peppa Pig Weebles Figures Assortment","Peppa Pig","Figures","Multi",NA,"1","18 Months +",NA,NA,NA,NA,0.941666666666667
"TOY","PRE","440515","Peppa Pig Vehicle Assortment","Peppa Pig","Figure Playsets","Multi",NA,"1","3 Years +",NA,NA,NA,NA,0.941666666666667
"TOY","PRE","440518","Peppa Pig Magna Doodle","Peppa Pig","Magnetic Sketcher","Multi",NA,"1","3 Years +",NA,NA,NA,NA,0.941666666666667
"TOY","PRE","451208","Peppa Pig Mini Buggies Assortment","Peppa Pig","Figure Playsets","Multi",NA,"1","2 Years +",NA,NA,NA,NA,0.941666666666667
"TOY","PRE","448264","Plasticine Tool Kit","Plasticine","Dough and Modelling","Multi",NA,"1","5 Years +",NA,NA,NA,NA,0.941666666666667
"TOY","PRE","284458","Play Doh Classic Colours 4pk","Play Doh","Dough and Modelling","Multi",NA,"4","2 Years +",NA,NA,NA,NA,0.941666666666667
"TOY","PRE","298244","Play Doh Can Assortment","Play Doh","Dough and Modelling","Multi",NA,"1","2 Years +",NA,NA,NA,NA,0.941666666666667
"TOY","PRE","448200","Play Doh Marvel Can Heads","Play Doh","Dough and Modelling","Multi",NA,"1","3 Years +",NA,NA,NA,NA,0.941666666666667
"TOY","PRE","439432","Sofia The First Doll Assorted 5in","Sofia","Dolls","Multi",NA,"1","3 Years +",NA,NA,NA,NA,0.9
"TOY","PRE","438912","Stickle Bricks Beginners Box","Stickle Bricks","Stickle Bricks",NA,NA,"1","3Y+",NA,NA,NA,NA,0.883333333333333
"TOY","PRE","428047","Teletubbies Collectable Figure Assortment","Teletubbies","Figure Playsets","Multi",NA,"1","18 Months +",NA,NA,NA,NA,0.941666666666667
"TOY","PRE","428052","Teletubbies Collectable Soft Toy Assortment","Teletubbies","Soft Toys","Multi",NA,"1","18 Months +",NA,NA,NA,NA,0.941666666666667
"TOY","PRE","409167","Thomas Mighty Minis Blind Bag","Thomas & Friends","Collectables","Multi",NA,"1","3 Years +",NA,NA,NA,NA,0.891666666666667
"TOY","PRE","428506","Thomas The Tank Engine Soft Ball","Thomas & Friends","Play Balls","Multi",NA,"1","12 Months +",NA,NA,NA,NA,0.891666666666667
"TOY","PRE","448309","My First Thomas Roll n Pop Engine","Thomas & Friends","Learning Toys","Multi",NA,"1","12 Months +",NA,NA,NA,NA,0.891666666666667
"TOY","PRE","448311","Thomas & Friends Small Engine","Thomas & Friends","Collectables","Multi",NA,"1","3 Years +",NA,NA,NA,NA,0.941666666666667
"TOY","PRE","448312","Thomas & Friends Large Talking Engine","Thomas & Friends","Learning Toys","Multi",NA,"1","3 Years +",NA,NA,NA,NA,0.941666666666667
"TOY","PRE","454666","Thomas and Friends Mini Collector Case","Thomas & Friends","Trains and Playsets","Multi",NA,"1","3 Years +",NA,NA,NA,NA,0.841666666666667
"TOY","PRE","301198","Vtech Baby Tiny Tot Driver","Vtech","Learning Toys","Multi",NA,"1","12 Months +",NA,NA,NA,NA,0.941666666666667
"TOY","PRE","419727","Vtech Baby My 1st Key Rattle","Vtech","Pushchair Toys","Multi",NA,"1","From Birth",NA,NA,NA,NA,0.941666666666667
"TOY","PRE","438849","Vtech Swim and Splash Dolphin","Vtech","Learning Toys","Multi",NA,"1","6 Months +",NA,NA,NA,NA,0.941666666666667
"TOY","PRE","438854","Vtech Paw Patrol Treat Time Marshall","Vtech","Learning Toys","Multi",NA,"1","18 Months +",NA,NA,NA,NA,0.941666666666667
"TOY","PRE","438855","Vtech Paw Patrol Pups To The Rescue","Vtech","Learning Toys","Multi",NA,"1","12 Months +",NA,NA,NA,NA,0.941666666666667
"TOY","PRE","448319","Vtech Peek and Play Phone","Vtech","Learning Toys","Multi",NA,"1","18 Months +",NA,NA,NA,NA,0.941666666666667
"TOY","PRE","448320","Vtech Little Singing Puppy","Vtech","Pushchair Toys","Multi",NA,"1","18 Months +",NA,NA,NA,NA,0.941666666666667
"TOY","PRE","448321","Vtech Little Friendlies Hippo Teether","Vtech","Pushchair Toys","Multi",NA,"1","6 Months +",NA,NA,NA,NA,0.941666666666667
"TOY","PRE","448323","Vtech Toot Toot Driver Fire Engine Book","Vtech","Learning Toys","Multi",NA,"1","12 Months +",NA,NA,NA,NA,0.941666666666667
"TOY","PRE","448324","Vtech Toot Toot Driver Drive and Discover Police Car","Vtech","Learning Toys","Multi",NA,"1","6 Months +",NA,NA,NA,NA,0.941666666666667
"TOY","PRE","448326","Vtech Sing Along Microphone","Vtech","Musical Toys","Multi",NA,"1","12 Months +",NA,NA,NA,NA,0.941666666666667
"TOY","PRE","448328","Vtech Splash and Swim Penguin","Vtech","Learning Toys","Multi",NA,"1","12 Months +",NA,NA,NA,NA,0.941666666666667
"TOY","PRE","448329","Vtech Stack Sort and Store Tree","Vtech","Learning Toys","Multi",NA,"1","9 Months +",NA,NA,NA,NA,0.891666666666667
"TOY","PRE","448488","Vtech Crawl and Learn Bright Lights Ball","Vtech","Learning Toys","Multi",NA,"1","6 Months +",NA,NA,NA,NA,0.941666666666667
"TOY","PRE","298208","Wilko Baby Roller","Wilko","Learning Toys","Multi",NA,"1","12 Months +",NA,NA,NA,NA,0.941666666666667
"TOY","PRE","305999","Wilko My First Mobile","Wilko","Play Phones","Multi",NA,"1",NA,NA,NA,NA,NA,0.93
"TOY","PRE","306003","Wilko Remote Control","Wilko","Play Phones","Multi",NA,"1",NA,NA,NA,NA,NA,0.93
"TOY","PRE","320534","Wilko Wooden Train Set","Wilko","Wooden Toys","Multi",NA,"1","3 Years +",NA,NA,NA,NA,0.941666666666667
"TOY","PRE","320546","Wilko Wooden Number Puzzle","Wilko","Wooden Toys","Multi",NA,"1","2 Years +",NA,NA,NA,NA,0.941666666666667
"TOY","PRE","320547","Wilko Wooden Farm Puzzle","Wilko","Wooden Toys","Multi",NA,"1","2 Years +",NA,NA,NA,NA,0.941666666666667
"TOY","PRE","320591","Wilko Play Little Medics Set","Wilko","Play Dress Up","Multi",NA,"1",NA,NA,NA,NA,NA,0.93
"TOY","PRE","336093","Wilko Wooden Birthday Cake","Wilko","Play Kitchens","Multi",NA,"1",NA,NA,NA,NA,NA,0.93
"TOY","PRE","336094","Wilko Wooden Sandwich Set","Wilko","Play Kitchens","Multi",NA,"1",NA,NA,NA,NA,NA,0.93
"TOY","PRE","336096","Wilko Play Tool Box","Wilko","Play DIY","Multi",NA,"1",NA,NA,NA,NA,NA,0.93
"TOY","PRE","336097","Wilko Play Food Basket","Wilko","Play Shops","Multi",NA,"1",NA,NA,NA,NA,NA,0.93
"TOY","PRE","336211","Wilko Play Police Helmet","Wilko","Play Dress Up","Multi",NA,"1",NA,NA,NA,NA,NA,0.93
"TOY","PRE","336212","Wilko Play Firefighter Helmet","Wilko","Play Dress Up","Multi",NA,"1",NA,NA,NA,NA,NA,0.93
"TOY","PRE","336215","Wilko Play Builders Helmet","Wilko","Play Dress Up","Multi",NA,"1",NA,NA,NA,NA,NA,0.93
"TOY","PRE","336221","Wilko Wooden Beads","Wilko","Wooden Toys","Multi",NA,"1","3 Years +",NA,NA,NA,NA,0.941666666666667
"TOY","PRE","336250","Wilko Drop and Spin Slide","Wilko","Learning Toys","Multi",NA,"1","12 Months +",NA,NA,NA,NA,0.941666666666667
"TOY","PRE","336251","Wilko Stacking Cups 10pcs","Wilko","Learning Toys","Multi",NA,"1","12 Months +",NA,NA,NA,NA,0.941666666666667
"TOY","PRE","350450","Wilko Wooden Clock Puzzle","Wilko","Wooden Toys","Multi",NA,"1","18 Months +",NA,NA,NA,NA,0.941666666666667
"TOY","PRE","350454","Wilko Wooden Snake Letter Puzzle","Wilko","Wooden Toys","Multi",NA,"1","3 Years +",NA,NA,NA,NA,0.941666666666667
"TOY","PRE","350459","Wilko Teether and Rattle Assorted","Wilko","Pushchair Toys","Multi",NA,"1","From Birth",NA,NA,NA,NA,0.941666666666667
"TOY","PRE","350544","Wilko Tumbling Dino","Wilko","Pushchair Toys","Multi",NA,"1","6 Years +",NA,NA,NA,NA,0.941666666666667
"TOY","PRE","350955","Wilko Wind Up Bath Toy Assorted","Wilko","Water Toys","Multi",NA,"1","18 Months +",NA,NA,NA,NA,0.941666666666667
"TOY","PRE","402735","Wilko Play Toaster","Wilko","Play Kitchens","Multi",NA,"1","3 Years +",NA,NA,NA,NA,0.941666666666667
"TOY","PRE","417307","Wilko Water Wheel Duck","Wilko","Water Toys","Multi",NA,"1","12 Months +",NA,NA,NA,NA,0.941666666666667
"TOY","PRE","417314","Wilko Play Magnetic Numbers and Letters 79pcs","Wilko","Learning Toys","Multi",NA,"1","3 Years +",NA,NA,NA,NA,0.941666666666667
"TOY","PRE","417316","Wilko Safari Pull Along Elephant","Wilko","Wooden Toys","Multi",NA,"1","12 Months +",NA,NA,NA,NA,0.941666666666667
"TOY","PRE","417317","Wilko Safari Dominos","Wilko","Wooden Toys","Multi",NA,"1","2 Years +",NA,NA,NA,NA,0.941666666666667
"TOY","PRE","417319","Wilko Play Teatime Playset with Accessories","Wilko","Play Kitchens","Multi",NA,"1",NA,NA,NA,NA,NA,0.93
"TOY","PRE","417355","Wilko Safari Talk Back Elephant/Zebra Assortment","Wilko","Soft Toys","Multi","3x AA Batteries Included","1","3 Years +",NA,NA,NA,NA,0.95
"TOY","PRE","417360","Wilko Safari Wooden Shape Sorter","Wilko","Wooden Toys","Multi",NA,"1","18 Months +",NA,NA,NA,NA,0.941666666666667
"TOY","PRE","417361","Wilko Safari Wooden Shape Train","Wilko","Wooden Toys","Multi",NA,"1","2 Years +",NA,NA,NA,NA,0.941666666666667
"TOY","PRE","417362","Wilko Safari Wooden Pull Along Bus","Wilko","Wooden Toys","Multi",NA,"1","2 Years +",NA,NA,NA,NA,0.941666666666667
"TOY","PRE","417366","Wilko Safari Wooden Puzzle Assortment","Wilko","Wooden Toys","Multi",NA,"1","2 Years +",NA,NA,NA,NA,0.941666666666667
"TOY","PRE","417367","Wilko Safari Maracas Assorted","Wilko","Wooden Toys","Multi",NA,"1","From Birth",NA,NA,NA,NA,0.941666666666667
"TOY","PRE","417368","Wilko Safari Tambourine Assorted","Wilko","Wooden Toys","Multi",NA,"1","18 Months +",NA,NA,NA,NA,0.941666666666667
"TOY","PRE","417371","Wilko Safari Recorder Assorted","Wilko","Wooden Toys","Multi",NA,"1","3 Years +",NA,NA,NA,NA,0.941666666666667
"TOY","PRE","417372","Wilko Safari Xylophone Assorted","Wilko","Wooden Toys","Multi",NA,"1","2 Years +",NA,NA,NA,NA,0.941666666666667
"TOY","PRE","417374","Wilko Safari Wooden Puzzle","Wilko","Wooden Toys","Multi",NA,"1","2 Years +",NA,NA,NA,NA,0.941666666666667
"TOY","PRE","417987","Wilko Bathtime Benny Shape Sorting Water Toy","Wilko","Water Toys","Multi",NA,"1","18 Months +",NA,NA,NA,NA,0.941666666666667
"TOY","PRE","417988","Wilko Charlie The Pull Along Caterpillar","Wilko","Pull Along Toys","Multi",NA,"1","12 Months +",NA,NA,NA,NA,0.941666666666667
"TOY","PRE","417989","Wilko Ball Popping Steam Train","Wilko","Learning Toys","Multi",NA,"1","12 Months +",NA,NA,NA,NA,0.941666666666667
"TOY","PRE","418002","Wilko Safari Talk Back Lion/Giraffe Assortment","Wilko","Soft Toys","Multi","3x AA Batteries Included","1","3 Years +",NA,NA,NA,NA,0.95
"TOY","PRE","419486","Wilko Safari Small Beads Coaster","Wilko","Wooden Toys","Multi",NA,"1","18 Months +",NA,NA,NA,NA,0.941666666666667
"TOY","PRE","438422","Wilko Safari 4 in 1 Puzzle Box","Wilko","Wooden Toys","Multi",NA,"1","2 Years +",NA,NA,NA,NA,0.941666666666667
"TOY","PRE","438423","Wilko Safari Matching Cards 20pk","Wilko","Learning Toys","Multi",NA,"1","3 Years +",NA,NA,NA,NA,0.941666666666667
"TOY","PRE","438446","Wilko Safari Wooden Stacking Hoops","Wilko","Wooden Toys","Multi",NA,"1","18 Months +",NA,NA,NA,NA,0.941666666666667
"TOY","PRE","438477","Wilko Wooden Swiss Roll","Wilko","Play Kitchens","Multi",NA,"1","3 Years +",NA,NA,NA,NA,0.941666666666667
"TOY","PRE","438480","Wilko Safari Large Beads Coaster","Wilko","Wooden Toys","Multi",NA,"1","18 Months +",NA,NA,NA,NA,0.941666666666667
"TOY","PRE","438481","Wilko Wooden Grocery Set","Wilko","Play Shops","Multi",NA,"1",NA,NA,NA,NA,NA,0.93
"TOY","PRE","438656","Wilko Safari Soft Building Bricks 4pk","Wilko","Learning Toys","Multi",NA,"4","From Birth",NA,NA,NA,NA,0.941666666666667
"TOY","PRE","438658","Wilko Safari Baby Book","Wilko","Learning Toys","Multi",NA,"1","From Birth",NA,NA,NA,NA,0.941666666666667
"TOY","PRE","438659","Wilko Safari Soft Ball","Wilko","Play Balls","Multi",NA,"1","From Birth",NA,NA,NA,NA,0.941666666666667
"TOY","PRE","438665","Wilko Play Multi Tool Set","Wilko","Play DIY","Multi",NA,"1",NA,NA,NA,NA,NA,0.93
"TOY","PRE","438666","Wilko Bath Time Light Up Floats","Wilko","Water Toys","Multi",NA,"1","2 Years +",NA,NA,NA,NA,0.941666666666667
"TOY","PRE","438667","Wilko Play Tea Set In Carry Case","Wilko","Play Kitchens","Multi",NA,"1",NA,NA,NA,NA,NA,0.93
"TOY","PRE","438668","Wilko Safari Disc Drum","Wilko","Musical Toys","Multi",NA,"1","2 Years +",NA,NA,NA,NA,0.941666666666667
"TOY","PRE","456232","Wilko Safari Baby Giraffe Plush","Wilko","Pushchair Toys","Multi",NA,"1","From Birth",NA,NA,NA,NA,0.941666666666667
"TOY","PRE","456233","Wilko Safari Baby Giraffe Comforter","Wilko","Pushchair Toys","Multi",NA,"1","From Birth",NA,NA,NA,NA,0.941666666666667
"TOY","PRE","456234","Wilko Safari Baby Giraffe Rattle","Wilko","Pushchair Toys","Multi",NA,"1","From Birth",NA,NA,NA,NA,0.941666666666667
"TOY","PRE","456235","Wilko Safari Hippo Plush Rattle","Wilko","Plush","Multi",NA,"1","From Birth",NA,NA,NA,NA,0.941666666666667
"TOY","PRE","456236","Wilko Safari Lion Plush Rattle","Wilko","Plush","Multi",NA,"1","From Birth",NA,NA,NA,NA,0.941666666666667
"TOY","PRE","456237","Wilko Safari Zebra Plush Rattle","Wilko","Plush","Multi",NA,"1","From Birth",NA,NA,NA,NA,0.941666666666667
"TOY","PRE","456238","Wilko Safari Plush Comforter Assorted","Wilko","Pushchair Toys","Multi",NA,"1","From Birth",NA,NA,NA,NA,0.941666666666667
"TOY","PRE","456241","Wilko Safari Lion Plush","Wilko","Plush","Multi",NA,"1","From Birth",NA,NA,NA,NA,0.941666666666667
"TOY","PRE","456243","Wilko Safari Buddies Plush Toy Assorted","Wilko","Plush","Multi",NA,"1","From Birth",NA,NA,NA,NA,0.941666666666667
"TOY","PRE","456245","Wilko Safari Monkey/Lion Pram Hanger","Wilko","Pushchair Toys","Multi",NA,"1","From Birth",NA,NA,NA,NA,0.941666666666667
"TOY","PRE","456476","Wilko Play Cleaning Set","Wilko","Play Kitchens","Multi",NA,"1",NA,NA,NA,NA,NA,0.93
"TOY","PRE","456488","Wilko Safari Learn to Tie Wooden Shoe","Wilko","Wooden Toys","Multi",NA,"1","3 Years +",NA,NA,NA,NA,0.941666666666667
"TOY","PRE","456490","Wilko Safari Walker with Bricks","Wilko","Wooden Toys","Multi",NA,"1","12 Months +",NA,NA,NA,NA,0.941666666666667
"TOY","PRE","456494","Wilko Alphabet Matching Cards Game","Wilko","Learning Toys","Multi",NA,"1","2 Years +",NA,NA,NA,NA,0.941666666666667
"TOY","PRE","456496","Wilko Wooden Pots and Pans Set","Wilko","Play Kitchens","Multi",NA,"1",NA,NA,NA,NA,NA,0.93
"TOY","PRE","456509","Wilko Wooden Cake Stand Play Set","Wilko","Play Kitchens","Multi",NA,"1",NA,NA,NA,NA,NA,0.93
"TOY","PRE","456510","Wilko Wooden Car Transporter","Wilko","Wooden Toys","Multi",NA,"1","18 Months +",NA,NA,NA,NA,0.941666666666667
"TOY","PRE","456535","Wilko Jumbo Stacking Cups","Wilko","Learning Toys","Multi",NA,"1","12 Months +",NA,NA,NA,NA,0.941666666666667
"TOY","PRE","456536","Wilko Pop Up Friends Toy","Wilko","Figure Playsets","Multi",NA,"1","18 Months +",NA,NA,NA,NA,0.941666666666667
"TOY","PRE","456537","Wilko Spinning Popping Pals","Wilko","Learning Toys","Multi",NA,"1","6 Months +",NA,NA,NA,NA,0.941666666666667
"TOY","PRE","456596","Wilko Baby Dinosaurs Assorted","Wilko","Animal Figures","Multi",NA,"1","3 Years +",NA,NA,NA,NA,0.941666666666667
"TOY","PRE","456597","Wilko Baby Jungle Animals Assorted","Wilko","Animal Figures","Multi",NA,"1","3 Years +",NA,NA,NA,NA,0.941666666666667
"TOY","PRE","456598","Wilko Baby Farm Animals Assorted","Wilko","Animal Figures","Multi",NA,"1","3 Years +",NA,NA,NA,NA,0.941666666666667
"TOY","SST","424698","BCE Multi Games Table Pool/Tennis 6ft","BCE","Games Tables",NA,NA,"1",NA,NA,NA,NA,NA,0.825
"TOY","SST","424703","BCE Black Cat Pool Table 7ft","BCE","Games Tables","Black",NA,"1",NA,NA,NA,NA,NA,0.883333333333333
"TOY","SST","424705","BCE Air Raider Air Hockey Table 5ft","BCE","Games Tables",NA,"220/240V Fan Motor","1",NA,NA,NA,NA,NA,0.883333333333333
"TOY","SST","424706","BCE Viper Air Hockey Table 6ft","BCE","Games Tables","Black","220/240V Fan Motor","1",NA,NA,NA,NA,NA,0.941666666666667
"TOY","SST","424712","BCE Table Tennis Top 6ft","BCE","Games Tables","Blue","220/240V Fan Motor","1",NA,NA,NA,NA,NA,0.941666666666667
"TOY","SST","424713","BCE Table Tennis Table 6ft","BCE","Games Tables","Blue","220/240V Fan Motor","1",NA,NA,NA,NA,NA,0.941666666666667
"TOY","SST","443603","Bestway Kids Beach Play Pool","Bestway","Pools","Blue",NA,"1","3+",NA,NA,NA,NA,0.941666666666667
"TOY","SST","425820","Octopus Waterparty","Buitenspeel","Water Toys","Multi",NA,"1","3 years +",NA,NA,NA,NA,0.891666666666667
"TOY","SST","425821","Disc Deluxe Target and Dart Throwing Game","Buitenspeel","Garden Games","Multi",NA,"1","6 years +",NA,NA,NA,NA,0.891666666666667
"TOY","SST","425822","Giant Playing Cards","Buitenspeel","Card Games","Multi",NA,"1","8 years +",NA,NA,NA,NA,0.891666666666667
"TOY","SST","425824","Tin Throwing Game","Buitenspeel","Garden Games","Multi",NA,"1","3 years +",NA,NA,NA,NA,0.891666666666667
"TOY","SST","425829","Parachute","Buitenspeel","Garden Games","Multi",NA,"1","4 years +",NA,NA,NA,NA,0.891666666666667
"TOY","SST","424697","BCE Multi Games Table Snooker/Pool/Dartboard 6ft","Riley","Games Tables","Black",NA,"1",NA,NA,NA,NA,NA,0.833333333333333
"TOY","SST","424707","Riley Azteca Football Table 4ft","Riley","Games Tables",NA,"220/240V Fan Motor","1",NA,NA,NA,NA,NA,0.883333333333333
"TOY","SST","424708","Riley Olmpic Football Table 4ft 6in","Riley","Games Tables",NA,"220/240V Fan Motor","1",NA,NA,NA,NA,NA,0.883333333333333
"TOY","SST","425807","Rolly Kiddy Futura Tractor And Frontloader","Rolly","Ride On","Red",NA,"1","2.5 - 5 years",NA,NA,NA,NA,0.941666666666667
"TOY","SST","425812","John Deere Mobile 360 Degree Excavator","Rolly","Ride On","Green",NA,"1","3 - 5 years",NA,NA,NA,NA,0.891666666666667
"TOY","SST","425813","John Deere Trio Trac With Electronic SteeringWheel and Trailer","Rolly","Ride On","Green",NA,"1","2.5 - 5 years",NA,NA,NA,NA,0.891666666666667
"TOY","SST","298195","Wilko Magic Bubble Wand 118ml","Wilko","Bubbles",NA,NA,"1","3+",NA,NA,NA,NA,0.883333333333333
